Valeria Nightshade;Deep within the cursed catacombs, you confront;Eldritch Staff;Astral Warden's Regalia;Spectral Orb;You summoned all your strength and resolve, delivering the decisive blow that sealed the enemy's fate.;Despite your best efforts, the enemy's onslaught proved relentless, your character falling in defeat.;Crumbling Citadel of the Ancients' Last Stand
Arachnia the Arachnoid;Within the depths of the shadowy caverns, you encounter;Energy Whip;Plasma Guardian Suit;Mystic Mirror Shield;With the help of allies, you orchestrated a flawless plan, toppling the enemy's regime and restoring peace to the land.;Overpowered by the enemy's strength, your character's health bar drained, signaling their inevitable defeat.;Ethereal Plains of the Void
Ignatius Darkscourge;Within the smoldering ruins of the cursed city, you confront;Quantum Rifle;Doomguard Armor;Chaos Crystal of Reality Warping;Scaling the tower, you faced the beast, toppling it with a well-timed arrow barrage.;As the dust settled, your avatar lay defeated, the enemy's victory screen mocking your valiant efforts.;Desolate Battlefield of the Intergalactic War
Nihilus the Void Tyrant;Within the enchanted forest, you face;Nano Swarm Launcher;Guardian's Aegis;Abyssal Medallion;With the enemy vanquished, you collected their dropped loot, your inventory now enriched with treasures.;Struggling against the odds, your character's defeat left you contemplating a new strategy.;Mechanical Graveyard of the Titans
Electronic Outlaw;Within the infernal depths of the volcanic caverns, you confront;Dreadbound Saber;Chaosforged Legguards;Arcane Relic;You struck down the enemy swiftly, their menacing presence fading with each passing moment.;With a final, devastating blow, the enemy emerged victorious, your character defeated in the virtual arena.;Fallen Citadel of Devastation
Malekith the Defiler;Within the darkest depths of the shadowy void, you confront;Voidseeker's Bow;Eldritch Enforcer;Necronomicon Tome of Forbidden Knowledge;Through sheer determination and tactical acumen, you shifted the battle's momentum, emerging as the realm's champion.;Overwhelmed by superior foes, your character's last stand ended in defeat, forcing you to restart.;Blasted Plateau of Destruction
Digital Tyrant;Upon the celestial plateau, you confront;Cursed Soulblade;Shadow Assassin's Attire;Time-Twisting Hourglass;Your character leveled up after the battle, gaining new abilities that would aid you in future encounters.;Despite your perseverance, the enemy's relentless barrage of attacks whittled down your character's health, sealing defeat.;Decayed Dungeon of the Dark Confrontation
Azurael the Damned;Within the heart of the labyrinthine dungeon, you confront;Ebonsteel Rapier;Doombringer's Guard;Mana Crystal of Infinite Energy;Your keen understanding of game mechanics allowed you to exploit the enemy's vulnerabilities and emerge triumphant.;Despite your skillful maneuvers, the enemy exploited your weaknesses, leading to your inevitable downfall.;Techno-Industrial Complex of the Robots
Sephira the Shadow Empress;Amidst the ruins of a lost civilization, you encounter;Soul Siphon Staff;Shadowweave Robes;Chaos Crystal;The enemy's reign ended as you delivered the final blow, their sinister laughter silenced forever.;As the battle intensified, your character's health dwindled until they succumbed to the enemy onslaught.;Shattered Skyline of the Robotic Uprising
Bitstream Brigand;Within the smoldering ruins of the burnt-out forest, you confront;Vortex Grenade;Elemental Warden's Vestments;Ethereal Amulet of Resurrection;As the dust settled, you stood victorious over the fallen enemy, their form now mere fragments.;Striving to survive, your character fought valiantly, but ultimately fell to the overwhelming enemy forces.;War-Torn Castle of the Fantasy Realm
Dagon the Tormentor;Beneath the voxelated terrain of a sandbox world, you face;Time Freeze Grenade;Nightshade Cloak;Eldritch Rune of Power;With a mighty swing, you shattered the villain's dark armor, leaving them vulnerable.;Overcome by exhaustion, your character's stamina waned, leaving them vulnerable to the enemy's final assault.;Forgotten Ruins of the Ancients
Vorath the Dark Tyrant;At the edge of the abyss, you challenge;Venomspine's Whip;Eclipse Plate;Celestial Scepter;You executed flawless combos, overwhelming your adversaries and emerging victorious.;As the final blow struck, your character's defeat concluded the session, leaving you determined to succeed next time.;Broken Frontier of Despair
Electro Brigand;In the depths of the shadowy forest, you confront;Darkscourge's Staff;Energy Absorption Vest;Eldritch Tome;Armed with legendary artifacts and ancient knowledge, you vanquished the evil forces with ease.;Struggling to survive, your character faced insurmountable odds, ultimately meeting their demise in combat.;War-torn Fields of Sorrow
System Saboteur;Amidst the ruins of an ancient civilization, you encounter;Holographic Decoy Projector;Shadow Walker's Cloak;Dragon Soul Staff;With the enemy's demise, your character ascended as a true legend.;Struggling to survive, your character's defeat came swiftly as the enemy's attacks overwhelmed them.;Scorched Savannah of Desolation
Samael the Fallen;Within the haunted catacombs, you face;Plasmatic Blaster;Quantum Deflector Armor;Necrotic Totem;The enemy's dark powers proved no match for your resolve, heralding a new era of prosperity.;Despite your best tactics, the enemy's superior strength led to your character's inevitable defeat.;Ruined Keep of the Fallen
Zalazar the Shadow Prince;Within the depths of the volcanic caverns, you encounter;Chaosreaver Scythe;Abyssal Aegis;Infernal Sigil;Your blade struck true, the enemy's health bar dwindling until their defeat was inevitable.;Despite upgrades, the enemy's sudden attack led to your character's swift defeat, urging a strategic reassessment and retry.;Blighted Moorlands of Misery
Ignatius the Shadow Emperor;Beneath the celestial realm, you stand against;Necromancer's Grimoire;Chaosforged Mail;Phoenix Feather of Rejuvenation;With the final blow, the enemy's health bar depleted, their ominous theme fading into silence.;With a final blow, the enemy vanquished your character, leaving you to restart from the last save point.;Abandoned Outpost of the Alien Onslaught
Zalazar the Prince of Darkness;Within the alien ruins of a virtual landscape, you confront;Mind Control Rod;Arcane Archmage Robes;Voidfire Gem;Determination fueled your onslaught, emerging victorious amidst the flurry of button presses.;Overwhelmed by the boss's power, your character's defeat signaled the end of the level, pushing you to try again.;Devastated Coastline of Desolation
Morgath the Forsaken;Amidst the swirling darkness, you encounter;Malevolent Maul;Necrotic Regalia;Abyssal Pendant;With every level conquered, your prowess grew, until no adversary could withstand your might.;Despite your skillful dodges, the enemy's unexpected attack landed, bringing your character to their knees.;Lunar Outpost of the Space Marines
Azurael the Wretched;At the final level of the arcade-style platformer, you stand before;Biohazard Launcher;Shadowbane Brigandine;Chaos Rune;Your name shall be immortalized as the legendary hero who liberated the world from darkness and despair.;Overwhelmed by the boss's strength, your character's defeat forced you to restart the level.;Desolate Valley of Sorrow
Firewall Fury;Amidst the smoldering ruins of the forsaken city, you encounter;Ion Storm Blaster;Celestial Robes;Starfall Orb of Celestial Blessings;You faced the final showdown, vanquishing the ultimate evil and restoring peace to the realm.;As the enemy's health dwindled, a sudden surge of power turned the tide, resulting in your character's defeat.;Demolished Stadium of the Cybernetic Showdown
Mortarion Blackheart;Within the shattered fragments of a glitched dimension, you encounter;Shadowrender's Blade;Darkscourge Battlegear;Elixir of Time Manipulation;Your unwavering determination and courage guided you through the darkest of dungeons to emerge victorious.;With a swift strike, the enemy overwhelmed you, your health bar depleted to zero, signaling defeat.;Eroded Canyon of Despair
Arxes the Sinister;At the heart of the infernal abyss, you encounter;Voidfire Crossbow;Voidwalker's Shroud;Chrono Amulet;Victory was yours to savor as the land rejoiced in your triumph, yet your journey was far from over.;Struggling against overwhelming odds, your character met their demise, a Game Over screen flashing before your eyes.;Tattered Stronghold of Despair
Nihilus the Shadow Lord;Upon the pixelated shores, you encounter;Blacksoul Spear;Ebonsteel Plate;Celestial Staff;With strategic precision, you exploited the enemy's weakness, sealing their fate with a decisive strike.;Despite your resilience, the enemy's calculated strikes drained your character's health, leading to defeat.;Shadowed Canyon of the Bandits
Zalazar the Vile;In the depths of the cursed crypt, you confront;Arcane Rune Cannon;Nethersteel Plate;Elemental Essence Vial;As victory screen appeared, you knew the game was far from over, but this round was yours to celebrate.;Despite your careful planning, the enemy's cunning trap resulted in your character's untimely demise.;Bleak Wasteland of Ruin
Circuitry Corsair;Beneath the starlit sky of the cosmic expanse, you encounter;Darkheart Dagger;Celestial Paladin's Plate;Ethereal Charm;With the enemy's defeat, you emerged as a true champion, forever etched in history.;Despite your efforts, the enemy's unexpected power surge overwhelmed your character, leading to defeat.;Blighted Bastion of the Necromantic Invasion
Nyxen the Nightwalker;Within the shadowy alleyways, you encounter;Venomous Spiker;Shadowborn Harness;Spectral Blade of Phantasm;As the final boss fell, the screen faded to black, signaling the end of your epic journey.;As the battle ensued, your character's health dwindled until they succumbed to defeat.;Ruined Temple of the Eldritch War
Morgoth the Shadow God;Amidst the virtual reality simulation of a futuristic shooter, you encounter;Nova Grenade Launcher;Solar Sentinel Armor;Voidstone Talisman;You vanquished the enemy with a decisive blow, their dark form dissipating into nothingness.;60Despite your skill, the enemy's unexpected tactics led to your character's swift defeat.;Volcanic Crater of the Inferno
Malakar the Shadowbringer;Upon the crumbling battlements of the ancient castle, you confront;Inferno Whip;Netherweave Robes;Temporal Gauntlet;You navigated the treacherous terrain and defeated the formidable foe, claiming victory against all odds.;Despite your valiant efforts, the enemy's cunning tactics proved too much, resulting in your defeat.;Toxic Swamp of the Mutants
Ravenna the Blood Witch;Within the shadowy depths of the blazing inferno, you confront;Techno-organic Crossbow;Voidborne Vanguard Armor;Infinity Gauntlet of Elemental Mastery;In a duel of wits, you outsmarted the cunning enemy, breaking his magical shield and ending his reign.;Caught off guard, you fell to the enemy's devastating attack, your health bar dwindling to zero.;Shattered Arena of the Colossal Clash
Morgoth the Eclipsed;Within the haunted catacombs, you encounter;Quantum Rift Blaster;Nano Weave Suit;Banshee's Scream Earrings;With allies by your side, you stormed the enemy stronghold, defeating the enemy and restoring peace.;Your health dwindled as the enemy's attacks intensified, your defeat inevitable in the face of their onslaught.;Frozen Citadel of the Frost Giants
Andres the Sinister;Amidst the spectral echoes of a haunted arcade, you confront;Sorceress' Staff;Arcane Astral Armor;Inferno Ring;In the heart of darkness, you defeated the corrupted enemy, purging his evil with divine light.;As the final blow landed, your character's health bar emptied, signaling defeat in the game.;Desolate Sanctuary of the Celestial Conflict
Malphas the Shadow Devourer;At the final level of the game, you stand before;Dreadborn's Scythe;Darksteel Battlegear;Shadow Cloak of Invisibility;You activated your ultimate ability, unleashing a devastating attack that left the enemy in ruins.;As the final blow landed, your character's defeat marked the end of the game session.;Scarred Mountains of Desolation
Malfunctioning Miscreant;At the crossroads of parallel dimensions, you stand before;Graviton Hammer;Titansteel Battleplate;Triforce Shard of Power;As the enemy fell, you knew your quest was far from over, victory yours to savor.;Despite your preparations, the enemy's unexpected strength led to your character's swift defeat.;Crumbling Bastion of Defeat
Cybernetic Marauder;Amidst the neon-lit streets of a cyberpunk cityscape, you face;Blackheart's Shield;Titan's Plate Mail;Warp Whistle of Teleportation;You delved into perilous dungeons, vanquishing monstrous creatures, advancing towards your ultimate objective.;As the battle reached its climax, your character's health plummeted, leaving them vulnerable to defeat.;Desolate Laboratory of the Biohazard Crisis
Samael the Shadow Prince;Amidst the twisted corridors of the abandoned asylum, you face;Gravity Gauntlet;Chrono Armor Suit;Spectral Shard;Battling through waves of enemies, you activated the ancient relic, banishing the dark overlord to oblivion.;As the battle raged on, the enemy's attacks proved too much, your avatar vanishing in defeat.;Hollowed Bastion of Ruin
Vexxus the Ruthless;Beneath the eerie glow of the moonlit bay, you encounter;Doomcaster's Rifle;Voidwalker's Vestments;Arcane Scroll;Utilizing ancient runes, you activated the portal, transporting the enemy to a realm of eternal imprisonment.;Despite your determination, your character fell victim to the enemy's relentless assault, ending your quest.;Shattered Oasis of Despair
Thal'Rak the Deathbringer;Within the depths of the shadowy swamp, you encounter;Biotic Staff;Soulshroud Vestments;Necromancer's Phylactery;In a climactic showdown, you tapped into your inner strength, overpowering the enemy with sheer willpower.;Outmatched by the boss's power, your character's defeat left you to strategize for another attempt.;Shattered Skies of the Mech Assault
Morgath the Shadowfiend;Beneath the corrupted sky, you confront;Frostbite Launcher;Darksteel Vanguard;Gorgon's Gaze Amulet;In a crescendo of sound and light, you activated your ultimate ability, restoring peace to the realm.;Despite your skillful maneuvers, the enemy's superior strategy led to your character's defeat in battle.;Forbidden Temple of the Cultists
Azazel the Malefic;Within the tangled webs of her lair, you face;Voidforged Claymore;Bio-Enhanced Battle Suit;Soulstone of Summoning;With the power of the relics, you shattered the dark crystal, dispelling the enemy's dark enchantments.;z`Despite your efforts, the enemy's cunning strategy led to your character's downfall in the virtual arena.;Decayed Arena of the Mythic Showdown
Samael the Fallen Angel;Deep within the mystical forest, you confront;Chaos Orb;Plasma Barrier Shield;;With determination, you faced the enemy head-on, emerging victorious after a fierce battle.;Overpowered by the boss's might, your character's defeat marked the level's end, motivating you to try again.;Scorched Citadel of the Phoenix Rebellion
Thal'Rak the Harbinger;Beneath the waves of the ocean, you encounter;Despoiler's Blaster;Frostforged Plate Armor;;In a blaze of glory, you unleashed your ultimate attack, restoring peace to the land.;Overwhelmed by the enemy's superior strength, your character was defeated, leaving you to restart from the last save point.;Crumbling Spire of Despair
Dagon the Dark Leviathan;At the heart of the forsaken fortress, you clash with;Phoenix Flamethrower;Phantom Stealth Suit;;With a critical hit, you defeated the boss, their health bar depleted to zero, victory achieved.;Striving to survive, your character faced a barrage of attacks, eventually succumbing to the enemy onslaught.;War-torn Cityscape of the Futuristic Conflict
Thanatos the Hellspawn;In the heart of the digital realm, you confront;Neural Disruptor Pistol;Quantum Flux Armor;;Armed with legendary artifacts, you annihilated waves of foes, culminating in an epic showdown with the ultimate antagonist.;As the battle raged on, your character's health dwindled, until a final blow brought about their defeat.;Wrecked Warship of the Naval Battle
Malakar the Dreaded;Amidst the scorched desert sands, you confront;Deathbringer's Mace;Dragonhide Battle Harness;;The enemy boss's colossal form crumbled to the ground as you unleashed a barrage of powerful spells.;Overpowered by the enemy's sheer strength, your character's defenses crumbled, resulting in their inevitable defeat.;Demolished Dungeon of the Dragon's Wrath
Valeria the Dark Princess;Deep within the shadowy forest, you face;Sonic Disruptor;Venomspine Carapace;;With a flurry of keystrokes, you executed the perfect combo, the enemy's defeat inevitable.;Your character fell before the enemy's onslaught, their victory screen flashing triumphantly as you succumbed.;Crystal Caverns of the Crystalized
Vector Fiend;Amidst the cosmic rifts of a fractured universe, you stand against;Necrotic Wand;Demonic Plate Mail;;With unwavering determination, you overcame the enemy's dark minions before confronting the mastermind behind it all.;Outmatched by adversaries, your character's defeat prompted a reset, eager to try again and succeed.;Shattered Citadel of the Fallen
Virus Vagabond;Beneath the blood-red sky, you face;Doombringer's Warhammer;Chrono Knight's Regalia;;With each setback, you adapted and grew stronger, until you became an indomitable force in your quest for glory.;As the final blow landed, your character fell, defeated, marking the end of your gaming session.;Celestial Observatory of the Cosmos
Thanatos the Shadow Demon;Within the shadowy depths of the volcanic abyss, you confront;Voidcaller's Staff;Elemental Wraith Armor;;As the final boss fell, defeated and vanquished, you stood as the ultimate victor.;Overwhelmed by adversaries, your character's defeat was inevitable, forcing you to restart your journey.;Skyborne Aerie of the Dragons
Data Despot;Within the sprawling cityscape, you encounter;Photon Blaster Rifle;Shadowcloak Armor;;With unwavering resolve, you confronted the final boss, mastering each phase until victory was yours.;Overwhelmed by foes, your character's defeat triggered a reset, prompting a reevaluation of tactics for future attempts.;Scorched Plains of Desolation
Binary Brigand;Within the depths of the underworld, you face;Doomforged Greatsword;Techno-Ninja Garb;;The final blow from your enchanted sword banished the evil sorcerer into the depths of oblivion.;Despite your best tactics, the boss's relentless assault brought your character to their knees.;Ravaged Realm of the Epic Siege
Morgath the Shadow Wraith;At the climax of the epic quest, you stand before;Reality Bender;Spectral Shroud;;The enemy's minions swarmed, but you fought bravely, emerging as the last one standing, victorious.;As the final blow landed, your character's health depleted, signaling your defeat in the virtual battlefield.;Scorched Battleground of the Apocalypse
Nano Nemesis;Beneath the 8-bit clouds of a side-scrolling shooter, you face;Spectral Scimitar;Doombringer's Hauberk;;Against insurmountable odds, you rallied companions and led them to a glorious victory against the forces of darkness.;As the battle raged, your character's health dwindled until they were defeated by the enemy onslaught.;Blighted Forest of Decay
Valeria the Dark Lady;Within the cursed ruins of the forgotten city, you encounter;Plasma Sword of Legends;Omega Power Armor;;Unleashing a powerful combo, you shattered the enemy's shield, sealing their fate with a victorious cry.;With a critical hit, the enemy struck you down, your character collapsing in defeat on the virtual battlefield.;Charred Wasteland of Oblivion
Nyxen the Forsaken;At the summit of the mountain peak, you stand before;Eclipse Blade;Bloodforged Armor;;You grew stronger, mastering new abilities and defeating the enemy in style.;Despite your strategy, the enemy's relentless assault brought your character to their knees.;Withered Woods of Woe
Thal'Rak the Deathdealer;Amidst the ruins of the cursed castle, you confront;Thermal Detonator;Biohazard Containment Suit;;You outmaneuvered the enemy's relentless attacks, wearing them down until they collapsed in defeat.;As the battle escalated, your character's health dwindled rapidly, sealing defeat and prompting reflection on a new approach.;Twisted Grove of Woe
Nihilus the Darklord;Lost in the void between dimensions, you confront;Spectral Essence Bow;Doomcaster's Regalia;;With a powerful attack, you shattered the enemy's defenses, sealing their fate with a guttural scream.;Despite your efforts, the enemy's relentless assault left your character defeated, prompting a restart.;Abandoned Laboratory of the Mutant Outbreak
Nihilus the Voidwalker;Within the depths of the sunken city, you face;Shadowflame Whip;Aurora Veil;;With a swift strike, you banished the foe, their essence dissipating into the pixelated void.;Despite your anticipation, the enemy's unexpected move caught you off guard, resulting in your character's downfall.;Shattered Glacier of Regret
Ragnarok the Apocalypse;Within the sacred temple, you encounter;Shadowbane Bow;Shadowmeld Robes;;The villain's fortress crumbled to dust as you activated the ancient artifact, ending their reign of terror.;Despite your upgrades, the enemy boss's devastating ultimate ability proved too much, leading to your defeat.;Cursed Wastelands of Desolation
Thal'Rak the Shadowbringer;Beneath the twisted branches of the haunted forest, you face;Netherbane Axe;Infernal Battlegear;;Your combo meter maxed out as you unleashed the finishing move, the enemy collapsing in defeat.;Outmatched by adversaries, your character's defeat spurred determination for the next attempt.;Demolished Cityscape of Ashes
Digital Desperado;Within the shadowy depths of the cavernous underworld, you face;Chaoscaster's Rod;Mechwarrior Armor;;As the credits rolled, you reflected on your journey, proud of the victories you achieved along the way.;Despite your efforts, the enemy outmaneuvered you, their final blow sealing your defeat in battle.;Crumbled Cityscape of the Kaiju Rampage
Vorath the Sinister;Upon the desolate moors, you confront;Psionic Amplifier;Soulbound Greaves;;As the battle raged on, you unleashed a devastating combo, sending the enemy flying into defeat.;Despite your best efforts, the enemy's superior tactics led to your character's downfall.;Sinking Marshlands of Sorrow
Samael the Eclipsed;From the ethereal mist emerged;Soulreaver's Blade;Twilight Shroud;;acing against time, you defused the bomb, then defeated the mastermind before the facility exploded.;Overwhelmed by the boss's power, your character's defeat left you to ponder your next strategy.;Sunken Abyss of the Leviathan
Morgath the Unholy;Within the depths of the underworld, you confront;Arcane Orb;Dreadguard Mail;;The enemy's final form emerged, but with skill and strategy, you emerged victorious once again.;Outmatched and outnumbered, you succumbed to the enemy's onslaught, your avatar crumbling in defeat.;War-torn Wilderness of the Monster Hunt
Azurael the Shadow Reaper;At the heart of the digital realm, you confront;Elemental Gauntlets;Techno-Mystic Robes;;The enemy's dark powers proved no match for your mastery of the game, victory screen flashing triumphantly.;Overwhelmed by enemies, your character's defeat was imminent as their health steadily declined.;Haunted Crypts of the Undead
Madelyn the Corrupt;At the final showdown in the arena, you stand against;Portal Cannon;Abyssal Platemail;;Your journey was fraught with danger, yet your resolve remained steadfast as you forged onward to triumph.;Despite your strategic planning, the enemy boss unleashed their ultimate attack, sealing your fate and ending your quest.;Ruined Colosseum of the Legendary Showdown
Circuit Counterfeit;In the realm of shadows, you confront;Soulflayer's Scepter;Blackheart Vanguard;;As the battlefield cleared, you stood triumphant, the enemy reduced to mere pixels in your wake.;Despite your determination, the enemy's surprise attack left your character defeated and your quest halted.;Enchanted Forest of the Elves
Binary Menace;Within the strategy game's tactical battlefield, you confront;Doomfire Staff;Voidborne Harness;;;As the battle intensified, your character's health dwindled, eventually succumbing to the enemy's onslaught.;Fragmented Islands of Desolation
Belial the Shadowfiend;Amidst the void's endless expanse, you challenge;Shadow Dagger;Voidforged Mail;;;Overwhelmed by the enemy horde, your character fought bravely but ultimately met their demise in battle.;Derelict Space Station of the Galactic Conflict
Virtual Vandal;Amidst the charred ruins of the fire-scarred village, you encounter;Abyssal Axe;Cybernetic Warframe;;;As the enemy's attacks grew fiercer, your character's health dwindled until they collapsed in defeat.;Eclipsed Canyon of Annihilation
Valeria the Shadow Princess;Beneath the starlit sky of the open world, you face;Abyssal Shard;Quantum Shielding Harness;;;Despite your best strategies, the enemy's surprise move led to your character's swift defeat.;Scorched Sanctuary of the Elemental Cataclysm
Digital Demon;Within the haunted mansion, you face;Chrono Blade;Darkened Raiment;;;Overwhelmed by the boss's relentless attacks, your character's health quickly depleted, sealing your defeat.;Crumbled Citadel of Despair
Dagon the Abyssal;Emerging from the shadows of the dungeon, you confront;Techno-Plasma Blade;Celestial Crusader Armor;;;Despite your best efforts, the enemy boss overwhelmed you with relentless assaults, bringing your quest to an end.;Cybernetic Cityscape of the Future
Ignatius the Malevolent;Amidst the eerie glow of the spectral portal, you confront;Nightstalker's Dagger;Soulbound Hauberk;;;Despite your careful planning, the enemy's cunning strategy led to your character's swift defeat.;Abandoned Factory of the Mech Wars
Vorath the Banished;Amidst the enchanted glades of the fairy forest, you face;Electro-Magnetic Pulse Cannon;Deathbringer's Plate;;;;Demolished Dungeon of the Demon Onslaught
Thanatos the Malice;At the heart of the shadowy labyrinth, you encounter;Pixel Blaster;Voidwalker Plate;;;;Ravaged Cityscape of the Apocalypse
Vorath the Shadow Tyrant;Upon the treacherous mountain pass, you confront;Molecular Destabilizer;Necrotic Warplate;;;;Overgrown Jungle of Echoes
Programmed Plunderer;Amidst the ethereal realm of dreams, you face;Celestial Bow;Arcane Enchanter's Garb;;;;Ravaged Tundra of Desolation
Vexxus Nightstalker;Beneath the moonlit graveyard, you face;Hyperion Railgun;Soulflayer's Shroud;;;;Blighted Battleground of the Cosmic Confrontation
Byte Bully;Emerging from a glitch in the game's code, you encounter;Bloodbane's Cleaver;Cybernetic Exosuit;;;;Ruined Stronghold of the Time War
Zephyrion the Voidwraith;Beneath the twisted branches of the cursed forest, you encounter;;;;;;
Mortarion the Shadow Knight;Amidst the infernal flames of the abyss, you challenge;;;;;;
Thal'Rak Deathbringer;Within the cursed castle's decrepit halls, you stand before;;;;;;
Malphas the Harrower;;;;;;;
Malakith Shadowrender;;;;;;;
Vindicator Alfred;;;;;;;
Ragnarok the Bringer of Doom;;;;;;;
Lilith the Temptress;;;;;;;
Seraphina the Corrupted;;;;;;;
Malphas the Lord of Shadows;;;;;;;
Zalazar the Venomous;;;;;;;
Malakar the Dread Master;;;;;;;
Circuit Scourge;;;;;;;
Seraphina the Forsaken;;;;;;;
Azazel Dreadborn;;;;;;;
Azazel the Corrupter;;;;;;;
Lilith the Deceiver;;;;;;;
Azurael the Deathdealer;;;;;;;
Azazel the Shadow Lord;;;;;;;
Azazel the Lord of Darkness;;;;;;;
Jason the Shadow King;;;;;;;
Ragnarok the Annihilator;;;;;;;
Belial the Devourer;;;;;;;
Cyber Scoundrel;;;;;;;
Kai the Blighted;;;;;;;
Zephyrion the Voidlord;;;;;;;
Draven the Shadowmaster;;;;;;;
Vorath the Foul;;;;;;;
Seraphina the Shadow Sorceress;;;;;;;
Retro Mech;;;;;;;
Data Phantom;;;;;;;
Pixel Peril;;;;;;;
Nano Nefarious;;;;;;;
Grimnir the Reaper;;;;;;;
Grimnir the Dire;;;;;;;
Grimnir the Shadow Destroyer;;;;;;;
Valeria the Shadow Empress;;;;;;;
Slade the Dark Sovereign;;;;;;;
Pixel Pirate;;;;;;;
Azazel the Dreadfiend;;;;;;;
Lilith the Enthraller;;;;;;;
Draven the Shadow Knight;;;;;;;
Megabit Malefactor;;;;;;;
Ravenna Bloodbane;;;;;;;
Arachnia the Venomous;;;;;;;
Rogue Algorithm;;;;;;;
Lilith the Shadow Mistress;;;;;;;
Zephyrion the Void Walker;;;;;;;
Zephyrion the Shadow Walker;;;;;;;
Sephira the Shadowlord;;;;;;;
Arachnia the Shadow Queen;;;;;;;
Grimnir Skullcrusher;;;;;;;
Draven the Darkblade;;;;;;;
Ravenna the Shadow Witch;;;;;;;
Code Commando;;;;;;;
Arachnia Venomspine;;;;;;;
Saphire the Malevolent;;;;;;;
Zephyrion the Darkened;;;;;;;
Samael the Damned;;;;;;;
Zalazar the Corruptor;;;;;;;
Belial the Malefactor;;;;;;;
Nyxen Doomcaster;;;;;;;
Ragnarok the Destroyer;;;;;;;
Malware Marauder;;;;;;;
Vexxus the Soul Devourer;;;;;;;
Nyxen the Shadowcaller;;;;;;;
Belial the Eater of Souls;;;;;;;
Lilith the Siren;;;;;;;
Vexxus the Darkspawn;;;;;;;
Ragnarok the Shadow Titan;;;;;;;
Morgoth the Shadowborn;;;;;;;
Arxes the Maleficent;;;;;;;
Vexxus the Shadow Overlord;;;;;;;
Ravenna the Blood Queen;;;;;;;
Arachnia the Queen of Shadows;;;;;;;
Nexx the Dark Lord;;;;;;;
Virtual Villain;;;;;;;
Hanatos the Shadow Demon;;;;;;;
Malakar the Dreadfiend;;;;;;;
Ignatius the Shadow Sovereign;;;;;;;
Thanatos the Defiler;;;;;;;
Malphas the Harbinger;;;;;;;
Vindicator Vex;;;;;;;
Ravenna the Bloodthirsty;;;;;;;
Jerry the Shadow Emperor;;;;;;;
Malekith the Malevolent;;;;;;;
Azurael the Despoiler;;;;;;;
Dagon the Shadow Serpent;;;;;;;
8-Bit Bandit;;;;;;;
Morgath the Accursed;;;;;;;
Mortarion the Shadow King;;;;;;;
Malekith the Shadow Monarch;;;;;;;
Gordon the Shadow Emperor;;;;;;;
Mortarion the Shadowed;;;;;;;
Nyxen the Shadow Weaver;;;;;;;
Zephyrion Voidseeker;;;;;;;
Nihilus the Shattered;;;;;;;
Seraphina the Dark Sorceress;;;;;;;
Malekith the Shadow Emperor;;;;;;;
Morgoth the Dark God;;;;;;;
Code Crimina;;;;;;;
Sephira the Dark Queen;;;;;;;
Glitchy Grifter;;;;;;;
Glitch Master;;;;;;;
Dinn the Shadow King;;;;;;;
Megabyte Malcontent;;;;;;;
Malakar the Shadow Master;;;;;;;
Draven Blackthorn;;;;;;;
Sephira the Necromancer;;;;;;;
Malekith the Ender;;;;;;;
Glitch Goblin;;;;;;;
Ignatius the Bloodletter;;;;;;;
Dagon the Ravager;;;;;;;
Mortarion the Cursed;;;;;;;
Xer Soulflayer;;;;;;;
Byte Buccaneer;;;;;;;
Seraphina the Darkened;;;;;;;
Grimnir the Corrupted;;;;;;;
Morgoth the Darkbringer;;;;;;;
Belial the Eviscerator;;;;;;;
Thanat the Wraith;;;;;;;
Malphas the Dreadlord;;;;;;;
Malicious Machine;;;;;;;
Codebreaker Chaos;;;;;;;
Zalazar the Dark Overlord;;;;;;;
Debugging Desperado;;;;;;;
Circuit Overlord;;;;;;;
Ravenna the Soulrender;;;;;;;
Bitstream Bandit;;;;;;;
Pixelated Evil;;;;;;;
;;;;;;;
