Pelle Icepick;Carried on the icy breath of winter, there appeared;Wyrmfang Sword;Helina's Dark Cowl;Bifröst's Glimmer;As fierce as a dragon's roar, you unleash flames, enemies consumed by your wrath.;With each blow you struck, the enemy's ranks seemed to multiply until you were outnumbered and outmatched.;Empty Fortresses standing as silent witnesses to the conflict
Truda Stormwatcher;From the frozen shores where the waves crash against the icy cliffs, rises;Frostbite Blade;Jarl's Valor Armor;Hilda's Might;With the speed of lightning, you strike, foes unable to react as you cut a path through their ranks.;Though you fought with all your strength, the enemy's relentless advance pushed you back until defeat was inevitable.;Forgotten Graveyards filled with fallen heroes and foes alike
Vinterhaug;From the village's heart emerges;Frost Giant's Warhammer;Frostfang Helm;Freyja's Tears;With a roar that shakes the earth, you cleave through their ranks, leaving only chaos in your wake.;Despite your steadfast defense, the enemy's cunning tactics pierced through, leaving you defeated and weary on the battlefield.;Burnt Fields
Torfinn Skullsplitter;From the icy shores where the sea meets the land, rises;Wyrmfire Halberd;Baldur Bright's Radiant Raiment;Idunn's Bounty;With the resilience of an oak tree, you stand firm, enemies breaking against your defense.;As you stood your ground, the enemy's ferocious assault gradually weakened your resolve, leading to your eventual defeat.;Desolate Farmsteads
Hrafn Blackwing;From the snowstorm's grip appeared;Stormcaller Axe;Stormrider's Mantle;Sleipnir's Swiftness;With the precision of a master craftsman, you dismantle their formations, leaving chaos in your wake.;Though you wielded your weapon with skill, the enemy's sheer force overwhelmed you, ensuring your defeat in combat.;Fallen Ramparts
Menglöð Witchbreath;Unveiled by the blizzard's dance approached;Thundercrash Maul;Valkyrie's Vanguard Plate;Nidhogg's Bane;With the wisdom of the Allfather, you outwit their strategies, leaving them bewildered and vulnerable in defeat.;Though you fought with the fury of Thor himself, the enemy's cunning proved too much to overcome.;Collapsed Barricades
Brandr Fireheart;Through the biting winds emerged;Thunderclap Mace;Thor's Steel Plate;Frigg's Whisper;With the cunning of a raven, you outmaneuver foes, leaving them in disarray.;Despite your bravery, the enemy's overwhelming numbers left you no chance but to accept your defeat on the battlefield.;Iron-forged Citadel
Nori the Navigator;Carried on the breath of the frost giants, there came;Valkyrie's Glaive;Nori the Navigator's Seafarer's Tunic;Gunnar's Resilience;Like a storm unleashed, you charge forth, foes scattering before your unstoppable advance.;Despite your valiant efforts, the enemy's cunning tactics outmaneuvered you, sealing your fate in defeat.;Broken Gates of a Once-mighty Stronghold
Nari Lifesnatcher;As the aurora danced overhead, there emerged;Ragnar's Scattering Reaper;Iceforged Gauntlets;Skadi's Snow Orb;Victory follows our path as a reliable guide.;The Vikings have shown you that your strength is not enough to overcome their might.;Cursed Marshlands where the Fallen Rest eternally
Fulla Bounty;Cast from the snowstorm's heart appeared;Frostwolf Longbow;Shieldmaiden's Frostweave Robes;Njord's Mariner's Compass;With the endurance of Njord, you weather storms, emerging victorious.;Despite your valor, the enemy's superior strategy led to your downfall, leaving you wounded and defeated in the end.;Ancient Standing Stones surrounded by Fallen Comrades
Vinterlys;Born beneath Yggdrasil's icy roots, there came;Solveig Swiftblade's Katana;Hildr Valkyrie's Winged Battle Helm;Frey's Blossoming Flower;Our heroic feat has pushed the boundaries of our glory and power.;As you fought valiantly, the enemy's cunning strategy outmatched you, leaving you defeated on the battlefield.;Wounded Rivers stained with the blood of warriors
Cael Heavyhand;From the sea's frothy embrace emerged;Frostbite Axe;Skuli the Schemer's Shadowcloak Mantle;Idunn's Apple;Like a tidal wave crashing upon the shore, you overwhelm them with your relentless onslaught, victory assured.;Despite your fierce resolve, their numbers overwhelmed you, leaving you wounded and defeated.;Blood-soaked Shoreline under the Pale Moonlight
Helvegr;From ancient stones imparts wisdom;Odin's Judgment Spear;Ingolf Armbreaker's Thunderclap Bracers;Freydis's Blessing;With the precision of a falcon's strike, you target their weak points, your blows finding their mark with deadly accuracy.;Despite your resilience, the enemy's relentless assault proved too much, leading to your inevitable defeat.;Raided Monastery
Frostleggur;From the depths of winter's grasp emerged;Dragonflame Dagger;Oddvar the Outlander's Nomad's Leather Jerkin;Gungnir's Echo;Through fire and fury, you carve a path to victory, your enemies left in awe of your prowess.;With every swing of your axe, the enemy's numbers seemed to multiply, until you found yourself outnumbered and overpowered.;Baldur's Meadow Altar
Baugi Earthdriller;As the northern lights danced overhead, there appeared;Thor's Threshing Mace;Yrsa the Young's Youthful Battlegear;Thorvald's Hammer;With the precision of a master craftsman, you dismantle their defenses, leaving them vulnerable to your onslaught.;As the battle raged on, your courage waned against the enemy's relentless assault, sealing your defeat.;Bloodied Snowdrifts
Brimir Alebrewer;Born beneath the gaze of Fenrir's icy eye, there came;Valkyrie's Lance;Stormbringer's Tempest Cloak;Baldur's Sun Ring;With the valor of a berserker, you charge into the fray, your battle cry echoing across the battlefield as you claim victory.;As your blade clashed with theirs, the enemy's relentless assault wore you down, leading to your inevitable defeat.;Drakkar Bay
Aegir Deepdweller;Born amidst the swirling blizzard, there appeared;Thyra Ravenshield's Longsword;Frostguard Gauntlets;Freyr's Blessing;Bloodied but unbowed, you emerge from the chaos, the champion of the battlefield.;Despite your determination, the enemy's superior strategy outmaneuvered you, leading to your eventual defeat in battle.;Ruined Strongholds
Thiassi Stormbringer;Born from the storm's fury emerged;Frostwolf Bow;Wendel the Whistler's Windwhisperer Cloak;Jotunheim's Heart;The clash of steel rings out in your favor, the battlefield now yours to command.;As you clashed blades, the enemy's shadow loomed large, casting you into the darkness of defeat.;Smoke-filled Ruins of a Once-thriving Settlement
Bolthorn the Elder;From the frozen peaks of Jotunheim, there descended;Frostbite Fang;Frostwolf Hide Tunic;Sif's Golden Locks;With a single stroke, you cleave through their ranks, your blade gleaming with the light of victory.;Though you fought with all your might, the enemy's ferocity proved too much, and you were left defeated on the battlefield.;Battlefield Strewn with Broken Weapons and Armor
Halgrim the Dire;From the ancient stones that mark the center of the village, imparts wisdom;Gunnar Ironfist's Hammer;Thora Stormspinner's Tempestborn Cape;Heimdall's Sentinel Bell;Like a tempest upon the sea, you sweep them aside with a ferocity that leaves no doubt of your dominance.;Your army was defeated, your hope of triumph extinguished.;Hidden Glade
Gang the Overwhelming;From the depths of winter's fury, there strode forth;Kettil Stormcloak's Battle Staff;Ketil Flatnose's Frostbite Gauntlets;Bifröst's Bridge;Our faith and bravery overcame all the challenges the Vikings placed in our path.;As the clash of steel echoed around you, the enemy's cunning tactics slowly wore you down, sealing your defeat.;Razed Monasteries
Kuld;Amidst the laughter and camaraderie of the longhouse, strides forth;Thunderstorm Hammer;Zoran the Zealous's Zealot's Armor;Heimdall's Watch;Your foes falter before your might, their defeat sealed by your indomitable spirit.;The Vikings broke your will and sent you into the darkness of defeat.;Sacked Monasteries
Aurnir the Ashmaker;Through the blizzard's fury emerged;Norwegian Axe;Unn the Deep-Minded's Depthscale Armor;Bjorn's Valor;Swift as Valkyries, you swoop in, enemies vanquished by your grace.;Your strategy proved ineffective against the onslaught of the Vikings.;Shipwrecked Shoreline
Lopt Airwalker;Through the whiteout stepped;Greta Axewielder's Hand Axe;Petra Stone-Weaver's Earthbound Robes;Gungnir Ring;With a battle cry that shakes the earth, you lead your warriors to triumph, their victory owed to your leadership.;Amidst the chaos of battle, your courage waned, succumbing to the enemy's strength, marking your path to defeat.;Raven's Roost
Lodur Firekindler;As you traverse a dense forest, you are confronted;Vargr Bloodmoon's Claymore;Thunderforge Plate Greaves;Gungnir's Spear;Our leadership and resolve have brought victory over the Viking menace.;Despite your best efforts, the enemy's relentless charge broke through your defenses, securing their victory over you.;Ragnar's Fortified Keep
Orvar the Backstabber;From the depths of the icy sea, there rose;Ragnhild Ironhide's War Scythe;Runebound Battle Cloak;Ran's Tidecaller;Drawing upon the strength of Yggdrasil, you stand unyielding against their onslaught, their attacks falling like leaves before you.;Despite your skill in combat, the enemy's cunning tactics and ferocity ensured your defeat on the battlefield.;Wounded Woodlands
Bergthora Blackspell;From the depths of Jotunheim's frozen caves emerged;Thrym's Incandescent Sword;Xaric of the Farlands' Nomad's Mantle;Loki's Trickster Glove;Swift as the wind, you move, foes unable to keep pace with your onslaught.;Amidst the tumult of battle, your resolve faltered, yielding to the enemy's relentless onslaught, sealing defeat.;Shattered Battlements
Koldbrann the Scorcher;As the Valkyries sang their mournful song, there emerged;Dragonflame Scimitar;Valkyrie's Grace Armor;Sigurd's Legacy;With the ferocity of a berserker, you charge into battle, enemies fleeing from your fury.;Even as you fought bravely, the enemy's strength and numbers eventually overpowered you, leading to your defeat.;Scattered Weaponry
Geirröd Gorehand;From the warmth of the village hearth, emerges;Brynhildr Battlemaiden's War Flail;Jarl's Warlord Garb;Fenrir's Chain;Through cunning and valor, you outmaneuver their forces, leaving them scattered in defeat.;Though you fought valiantly, the enemy's sheer numbers overwhelmed you, leaving you defeated on the battlefield.;Silent Valleys
Völsi the Bane;As the snow whispered tales of old, there appeared;Ylva Ironclad's Morningstar;Ragnar Longhair's Battleworn Furs;Skadi's Veil;Like the tide against the shore, you overwhelm their defenses, your advance unstoppable.;As you stood firm, the enemy's overwhelming tide surged, shattering your defenses and sealing your defeat.;Ruined Village
Sindri Goldsmith;Emerging from the icy tempest was;Sigurd Wolfsbane's Bow;Fenrir Leather Cloak;Lagertha's Fury;The enemy's defeat is swift and decisive, your valor unmatched in the fray.;In the heart of battle, your strength faltered, yielding to the enemy's overwhelming force and sealing defeat.;Viking Fortress Valhalla
Dauði;While sailing along the icy fjords, your longship is ambushed by;Frostwolf Fangbow;Ljot the Pale's Ghostly Chainmail;Erik's Resolve;With each swing of your weapon, you strike fear into the hearts of your adversaries, victory assured.;Your heroic resistance was not enough to stave off the fall to the Vikings.;Great Hall
Inga Earthsinger;Stepping forth from the shadows of the village elders is;Ingrid Firebeard's Broadsword;Arnfinn Battleborn's Frostforged Warplate;Yggdrasil's Branch;With the fury of Thor's hammer, you crush their resistance, the ground trembling beneath your feet.;As you fought tooth and nail, the enemy's relentless assault gradually overpowered you, resulting in your ultimate defeat.;Pillaged Tombs
Thyra Ravenshield;From the heart of the village, where the fires burn bright, emerges;Stormbringer Axe;Berserker's Fury Bracers;Tyr's Justice;With the strength of Tyr, you shatter resistance, foes no match for your might.;Though you fought fiercely, the enemy's sheer determination and strength proved insurmountable, leading to your defeat.;Thundering Waterfall
Wilburga Stonecloak;Born of frost and fjord, there came;Freya's Hunting Bow;Berserker's Helm;Loki's Tricky Mirror;Like Skadi's icy winds, you freeze foes, their defeat sealed in frost.;Surrounded by foes, you battled bravely, but ultimately, you were overcome by their relentless assault.;Heimdall's Watcher's Watchtower
Alfrothul Sunbeam;From the frozen tempest emerged;Thorvald Battlehammer's Axe;Birgit Shieldmaiden's Iceforged Helm;Mjolnir's Fury;The Vikings bow before us and acknowledge our warrior gene.;With each clash of swords, your strength waned until finally, you succumbed to the enemy's onslaught.;Fjord's Edge
Freydis Frostblade;Born beneath the watchful gaze of the village elders, steps;Jotun's Club;Berserker's Rage Chainmail;Fenrir's Shadow;Through sheer force of will, you push forward, enemies falling before your unwavering determination.;Despite your bravery, the enemy's calculated maneuvers left you surrounded and outmatched, resulting in your defeat.;Skadi's Snowy Peaks
Iduna Applekeeper;Patrolling the snow-covered streets with a watchful eye is;Eirikr Longsword's Scimitar;Jostein Starfollower's Starforged Cloak;Amulet of Yggdrasil;As the battle rages on, you unleash a storm of fury, your enemies falling like leaves before a gale.;Despite your skill with the blade, the enemy's unrelenting onslaught proved too much, ultimately resulting in your defeat.;Torn Banners
Thjazi Eyethief;Carved from the snow's fury emerged;Sven Bonebreaker's Club;Stormcaller Cloak;Mjölnir's Fury;With a thunderous roar, you shatter their defenses, leaving no doubt of your victory.;Though you fought valiantly, the enemy's superior strength and strategy left you no choice but to accept defeat.;Forsaken Temples
Orvar Arrowstorm;As the northern winds whispered secrets, there emerged;Jotun's Frost Maul;Odin's Eye Helm;Mjolnir's Encouraging Rune Stone;Wielding Mjölnir's might, you shatter their defenses, their spirits broken beneath your relentless onslaught.;Your heroic struggle ended in defeat and disappointment before the enemy.;Seaside Cliff
Hagbard Hand of Horror;From the hearth of the village, amidst tales of frost, emerged;Hrothgar Warhammer's War Axe;Dagmar Darksky's Shadowcloak;Skadi's Frostbite;Through sheer force of will, you rally your comrades to victory, their spirits lifted by your unyielding resolve.;Despite your fierce determination, the enemy's ruthless onslaught proved insurmountable, leading to your eventual defeat.;Ancient Burial Mound
Hrimthursar Frostgiant;Born beneath the towering pines that whisper tales of old, strides;Erik Blackheart's Mace;Tyr's Iron Armor;Heimdall's Horn;With the precision of a skilled archer, you strike true, enemies falling like leaves.;As you stood against the enemy horde, their coordinated strikes left you vulnerable, ultimately leading to your defeat.;Shadowed Caves hiding the remnants of the defeated
Yngvi the Treacherous;Born from the snowstorm's rage appeared;Leif Dragonborn's Greatsword;Fiske Wavebreaker's Tidal Armor;Astrid's Shield;With the might of Odin's fury, you smite your enemies, their resistance shattered by your relentless strength.;Amidst the thunderous clash of swords, your strength faltered, succumbing to the enemy's relentless assault, sealing your defeat.;Abandoned Tombs holding the memories of the fallen warriors
Niflgard;Appearing on the whispering winds that sweep through the village streets is;Dragonfire Dagger;Stormcaller's Thundercloak;Njord's Compass;With the roar of a dragon, you breathe fire upon their ranks, their courage melting like snow in spring.;Despite your unwavering resolve, the enemy's iron grip tightened, crushing your hopes and sealing your defeat.;Desolate Fjords
Solveig Swiftblade;With each snowflake a prophecy, there emerged;Hilda Ironside's Warhammer;Valkyrie's Iron Corset;Hel's Embrace;Through cunning strategy, you outmaneuver your foes, their defeat sealed by your tactical brilliance.;As you clashed with the enemy, their unwavering resolve slowly ground you down, culminating in your inevitable defeat.;Valkyrie's Shrine
Ulfhedinn the Unhinged;Amidst the flickering flames of the longhouse fires, steps forth;Stormbringer Cleaver;Valkyrie's Plate;Odin's Eye;Charging like a bear, you overwhelm foes, victory assured by your power.;Despite your mighty blows, the enemy's shadow loomed large, enveloping you in darkness and sealing your defeat.;Crumbling Watchtowers amidst the Foggy Moors
Svala the Deceiver;Born beneath the watchful gaze of the village totems, stands;Jotun's Warclub;Erlend the Explorer's Froststeel Greaves;Ragnar's Wrath;Like a tidal wave crashing ashore, you overwhelm foes with relentless force.;Though your spirit blazed with the fire of Odin, the enemy's darkness enveloped you, casting you into defeat's shadow.;Pillaged Homesteads amidst the Ashen Trees
Snaer Snowfall;Forged from the blizzard's embrace emerged;Ragnar Bloodaxe's Battleaxe;Agnar Skyweaver's Skytouched Robes;Idunin's Strawberry Stone;In the heat of battle, you wield Mjölnir's might, foes crushed beneath its weight.;Your resistance has been broken, your heart filled with the bitterness of defeat.;Shipyard
Bragi Skaldsong;Carried on the winds of Niflheim, there strode forth;Valkyrie's Fury Pike;Loki's Leaf Camouflage Tunic;Freyja's Tear;Swift as Freya's falcon, you strike, leaving enemies in awe of your prowess.;Amidst the chaos of battle, your courage wavered, giving way to the enemy's relentless onslaught, sealing your fate in defeat.;Forsaken Temples echoing with the cries of the Fallen
Geir Stormsword;From the snowstorm emerged;Wyrmfire Saber;Alfhild Runekeeper's Rune-etched Armor;;With the ferocity of a wolf in battle, you tear through their lines, leaving nothing but devastation in your wake.;60The Vikings outfought you in battle, your honor is doomed.;Crumbling Watchtowers
Ragnhild Battlecry;As the villagers sang songs of old, echoing through the frosty air, there appeared;Bjorn Thunderstruck's Sword;Frostbite Fur Cloak;;Like a wolf among sheep, you prowl, foes falling to your primal fury.;Despite your fierce defense, the enemy's cunning strategy breached your walls, sealing your fate in defeat.;Towering Cliffs overlooking a Sea of Fallen Warriors
Vili Willpower;Unveiled by the blizzard's cloak strode;Odin's Fury Pike;Frostwolf Fur Boots;;You roar like Thor's thunder, foes tremble, knowing their end is near.;Despite your valorous charge, the enemy's relentless advance proved unstoppable, leading to your defeat.;Silent Forest where Echoes of Battle still Linger
Hilda Ironside;From the icy depths of Niflheim, there strode forth;Frostfang Blade;Iceguard Bracers;;Cunning as Loki, you deceive foes, leaving them defeated and dismayed.;Despite your skill in combat, the enemy's tactics outmaneuvered you, leading to your defeat.;Fenrir Woods
Njord the Far-Traveled;From the frosty haze appeared;Astrid Shieldmaiden's Glaive;Edda Spellweaver's Enchantress Robes;;Amidst the echoes of battle, you emerge victorious, a lone warrior standing tall.;As the enemy's axes fell, you fought valiantly, but in the end, the tide turned against you.;Loki's Hidden Cave
Canute the Great;As the ancient sagas are sung in the flickering firelight, arrives;Thunderstrike Warhammer;Alrik the Avenger's Avenging Plate;;Like waves against a cliffside, you wear down foes until their defeat is inevitable.;Despite your best efforts, the enemy's relentless advance proved too much, forcing you to concede defeat in battle.;Cliffside Caves
Oski Wishgiver;From the halls of Niflheim's frozen peaks emerged;Harald Skullcrusher's Flail;Fenrir Hide Armor;;Like a wildfire spreading, you engulf them in chaos, their formations collapsing under your relentless assault.;As you clashed swords with the enemy, their relentless assault gradually wore you down, leading to your ultimate defeat.;Abandoned Longhouses
Olmod the Old;From the frozen fields where the crops stubbornly grow, there appeared;Olaf Stormborn's Spear;Folke the Fabled's Thunderbolt Armguards;;Riding the waves of battle like a skilled sailor, you navigate their defenses with ease, your victory assured with each passing moment.;As you charged into battle, the enemy's thunderous roar drowned out your valor, leading to your inevitable defeat.;Shattered Statues lying amidst the debris of a once-great city
Sven Forkbeard;During a feast in your own longhouse, someone arrives, it was;Odin's Glaive;Runebound Hooded Cloak;;The Vikings bow down to our unbeatable force!;Despite your skill in combat, the enemy's overwhelming force eventually proved too much, resulting in your defeat.;Razed Farmlands
Folke the Fabled;With each step leaving frost-cracked earth, there came;Frost Giant's Maul;Ragnarok Chainmail;;With the wisdom of Odin, you foresee their every move, turning their own strategies against them.;Though your heart burned with fury, the enemy's icy resolve quenched your flames, leading to defeat.;Empty Graves
Oddr Dreamseeker;Carried on the chilling winds that sweep across the frozen tundra, appears;Odin's Thunder Sword;Bjarte Strongarm's Stout-hearted Cuirass;;As the dust settles, your enemies lie vanquished, their defeat a testament to your skill.;Despite your courage, the enemy's cunning tactics left you surrounded and overwhelmed, forcing you to concede defeat.;Soot-Stained Streets
Þökk the Thankless;Birthed from the storm's wrath came;Valkyrie's Spear;Mjölnir Wielder's Stormforged Pauldrons;;With Odin's wisdom, you outsmart foes, leaving them bewildered in your wake.;Despite your best efforts, the enemy's strength proved greater, and you were forced to yield the field of battle.;Forgotten Burial Mounds in the Misty Hills
Skoll Wolfbane;As the villagers' songs echo through the frost-kissed air, arrives;Fenrir's Sledge;Valkyrie's Winged Helm;;Like a skilled tactician, you outwit foes, turning their own strategies against them.;As you clashed swords with the enemy, their unwavering resolve slowly wore you down, culminating in your defeat.;Storm-swept Moors
Asmund Frostfang;From the ancient glaciers' depths, there rose;Gudrun Snowbane's War Pick;Berserker's Fangmail;;Amidst the fray, your blade sings a deadly song, foes falling before your relentless assault.;Though your battle cry echoed through the battlefield, the enemy's cold resolve extinguished your flame, leading to defeat.;Ruined Battlements overlooking the desolate battlefield
Narvi Nightshadow;Born beneath the towering pines of their ancestral lands, there strode forth;Frost Giant's Battleaxe;Frostbite Chain Hauberk;;Our warrior spirit has triumphed over the dark menace of the Vikings.;Your dreams of victory vanished before the Viking swarm.;Pillaged Hamlets
Soti the Silencer;From the frost-covered fields where the crops stubbornly cling to life, emerges;Viking Pickaxe;Shieldmaiden's Chain Tunic;;With the grace of a Valkyrie, you dance through the chaos, each movement a step closer to triumph.;Though you fought with the heart of a warrior, the enemy's ferocity proved too much to withstand.;Thor's Castle of Lightning
Valtýr the Vandal;In a coastal village, you stumble upon;Thorkell Ironbeard's War Pickaxe;Jarl's Regalia;;Victory has become our destiny, the Vikings have fallen before our strike.;Despite your fierce strikes, the enemy's resilience prevailed, leaving you vanquished in the fray of battle.;Njord's Port Settlement
Bjørn the Shield;With the crackle of frost in the air, there emerged;Lagertha Stormborn's Spear;Eydis Starblessed's Celestial Vestments;;Our triumph is the seal of our courage and determination against all who oppose us.;Even as you swung your mighty axe, the enemy's swift strikes left you vulnerable, ultimately leading to your defeat.;Cliffside Keep
Var Eclipsedancer;While trading in a bustling market town, you are ambushed by;Freydis Frostblade's Dagger;Thunderstruck War Cloak;;The Vikings now kneel before us as our vanquished foes.;In the heat of battle, your valor faltered against the enemy's cunning tactics, sealing your defeat on the battlefield.;Longhouse
Grimkel Blackheart;As the Norns wove their icy threads, there appeared;Ulfrik Stormrage's Halberd;Shieldmaiden's Froststeel Breastplate;;;The Vikings have shown you their invincible strength and bravery.;Echoing Caverns
Fafnir Dragonspawn;From the swirling snow emerged;Asmund Frostfang's Battle Lance;Brandr Fireheart's Inferno Plate;;;Even as you stood your ground, the enemy's resolve never faltered, and in the end, you were vanquished.;Sacred Grove
Vör the Wise;Emerging from the snow's embrace was;Loki's Hidden Dagger;Geir Stormsword's Tempest Mail;;;As the battle raged on, the enemy's unyielding onslaught pushed you back until you were forced to concede defeat.;Norway's Coastal Settlement
Frostånd;From the frost-shrouded mist came;Fjornir Thunderheart's Thunder Hammer;Shieldmaiden's Frostweave Leggings;;;Despite your ferocity, the enemy's relentless assault chipped away at your resolve, leading to your defeat.;Burnt-out Husks of Viking Ships along the Coastline
Skuggasveinn;From the churning waves of the fjords arose;;Bergdis Icewielder's Frostbound Garb;;;;Battlefield
Skoll the Sunderer;Through the blizzard's howl emerged;;Odin's Forged Armor;;;;Frost-covered Tundra
Eitri Forgecraft;Unveiled by the blizzard's breath strode;;Iceborn Battle Helm;;;;Barren Highlands
Hyrrokkin the Harrower;Journeying through treacherous mountain passes, you come face to face with;;Frey's Forest Cloth;;;;
Járnhauss the Ironhead;Amidst the swirling smoke of the longhouse, strides forth;;Runebound Leather Armor;;;;
Aegir the Abyssal;From the prow of his longship emerged;;Aslaug Shieldmaiden's Shieldmaiden's Battle Harness;;;;
Olaf the Stout;Carried on the whispering winds that sweep through the village streets, appears;;Thunderstorm Battle Kilt;;;;
Kollvarr the Cold;Amidst the ruins of an ancient battlefield, you awaken;;Calder Seastorm's Wavecrasher Armor;;;;
Fjölvarr the Fierce;;;Frostwolf Pelt Cape;;;;
Fimbul the Fearful;;;Drifa Snowdaughter's Blizzardweave Cloak;;;;
Jorunn Shieldmaiden;;;Canute the Great's Stormborn Chainmail;;;;
Ullr Bowhunter;;;Arvid Frostborn's Frostforged Chainmail;;;;
Gullinbursti Goldbristle;;;Gunnlaug Serpent-tongue's Serpentscale Vest;;;;
Rurik the Ruthless;;;Jarl's Froststeel Pauldrons;;;;
Ragnar Longhair;;;Thunderstorm War Paint;;;;
Grimnir Maskwearer;;;Njord's Fisherman's Cloak;;;;
Snjokladd;;;Ragnar's Dragon Armor;;;;
Frøydis Fearbringer;;;Vali the Vengeful's Wrathful Warplate;;;;
Ising;;;;;;;
Isolde Nightshade;;;;;;;
Bergdis Icewielder;;;;;;;
Stigr the Cruel;;;;;;;
Frosthrim;;;;;;;
Pora Thundervein;;;;;;;
Frosti Blizzardborn;;;;;;;
Vidar Silencefoot;;;;;;;
Glaer;;;;;;;
Frostvarg;;;;;;;
Utgard-Loki the Deceiver;;;;;;;
Frigg Hearthkeeper;;;;;;;
Randi Stormfoot;;;;;;;
Greip the Grasper;;;;;;;
Hjalmar Grimshield;;;;;;;
Thialfi Thunderroar;;;;;;;
Thorald Hammerfist;;;;;;;
Helga the Wise;;;;;;;
Osvald Godshield;;;;;;;
Kárr the Cursed;;;;;;;
Torbrand the Schemer;;;;;;;
Sigyn Faithbound;;;;;;;
Njord Seafarer;;;;;;;
Vintermåne;;;;;;;
Brynhildr Battlemaiden;;;;;;;
Hildebrandt Ironflame;;;;;;;
Lyting Stormseeker;;;;;;;
Greipar Stronghold;;;;;;;
Gandalf Wandbearer;;;;;;;
Snjostorm;;;;;;;
Lif Lifegiver;;;;;;;
Hræsvelgr the Corpse-Eater;;;;;;;
Ragnhild Ironhide;;;;;;;
Pryderi Stormbrew;;;;;;;
Helfrost;;;;;;;
Loki Skytrickster;;;;;;;
Jokul Frostgiant;;;;;;;
Trond of the Tremors;;;;;;;
Vindr the Vicious;;;;;;;
Níðhöggr the Nefarious;;;;;;;
Koll the Keen;;;;;;;
Hrungnir Heartstone;;;;;;;
Ulf the Berserker;;;;;;;
Gullveig Goldlove;;;;;;;
Arvid Frostborn;;;;;;;
Frigg Hearthmistress;;;;;;;
Tove Shieldstrong;;;;;;;
Nils the Quiet;;;;;;;
Gunnar Fjordwalker;;;;;;;
Sigurd Wolfsbane;;;;;;;
Rolf Hellhelm;;;;;;;
Geirrod the Stoneheart;;;;;;;
Yngvar the Fearless;;;;;;;
Thora Stormspinner;;;;;;;
Jarnsaxa Ironwitch;;;;;;;
Vestein Darkwhisper;;;;;;;
Hrimthorn;;;;;;;
Olaf Stormborn;;;;;;;
Bifrost Skyarch;;;;;;;
Vidar Foreststrider;;;;;;;
Ulv Fenrisson;;;;;;;
Grimnir the Devourer;;;;;;;
Magnus the Bold;;;;;;;
Zeno Galeblade;;;;;;;
Duneyrr Forestroam;;;;;;;
Varg the Malevolent;;;;;;;
Helskadi;;;;;;;
Wendel the Whistler;;;;;;;
Kragen Wicked-Tongue;;;;;;;
Lodur Flamebearer;;;;;;;
Astridr Bloodthorn;;;;;;;
Skar Bloodaxe;;;;;;;
Ydun Lifegiver;;;;;;;
Agnar Skyweaver;;;;;;;
Gilling Wavecrusher;;;;;;;
Ymir Coldblood;;;;;;;
Morvir Double-Edge;;;;;;;
Randulf Blackbane;;;;;;;
Tyr Onehanded;;;;;;;
Rostar Firestorm;;;;;;;
Snjorinn;;;;;;;
Mord the Betrayer;;;;;;;
Qvist the Quiet;;;;;;;
Thjodolf the Vile;;;;;;;
Asgeir the Keen;;;;;;;
Trym Iceaxe;;;;;;;
Hrym the Ravager;;;;;;;
Kaldrfari;;;;;;;
Gjalp the Groundbreaker;;;;;;;
Ivaldi Forgecrafter;;;;;;;
Bjarke the Brute;;;;;;;
Fjorgyn Thundermother;;;;;;;
Zoran the Zealous;;;;;;;
Brondolf the Harsh;;;;;;;
Thrym the Thunderous;;;;;;;
Pall Stonefist;;;;;;;
Gjalp Riverfoot;;;;;;;
Wulfrun Packleader;;;;;;;
Galar the Deadly;;;;;;;
Hyndla Firehair;;;;;;;
Eyolf the Grim;;;;;;;
Nar the Corpse;;;;;;;
Frostgarm;;;;;;;
Sindri the Sinister;;;;;;;
Zara Goldenfury;;;;;;;
Ravnkel Foul-Feather;;;;;;;
Volund Smithwise;;;;;;;
Greta Axewielder;;;;;;;
Heimdall Bifrostguard;;;;;;;
Eirik the Seer;;;;;;;
Helblindi the Malevolent;;;;;;;
Skoll Sunhunter;;;;;;;
Ragnvald Frostborn;;;;;;;
Volsung the Vicious;;;;;;;
Yngvarr Stormwrath;;;;;;;
Naddod the Nefarious;;;;;;;
Svala;;;;;;;
Alfhild Runekeeper;;;;;;;
Skadi the Betrayer;;;;;;;
Alvaldi the Oppressor;;;;;;;
Angrboda the Herald;;;;;;;
Vili the Vast;;;;;;;
Thrym Frostlord;;;;;;;
Olvaldi Goldgatherer;;;;;;;
Kaldr Vind;;;;;;;
Frostgore the Merciless;;;;;;;
Bragi Poetblood;;;;;;;
Arvid the Far-Travelled;;;;;;;
Frøya the Fierce;;;;;;;
Brúsi the Brutalizer;;;;;;;
Snorri the Sinner;;;;;;;
Njola Nightshade;;;;;;;
Bölþorn the Bitter;;;;;;;
Arnfinn Battleborn;;;;;;;
Jorunn Spearhallow;;;;;;;
Hymir the Horrendous;;;;;;;
Ymir the Corruptor;;;;;;;
Kolfinna Coldpeak;;;;;;;
Kveldulf Moonmad;;;;;;;
Grima the Sorrowmaker;;;;;;;
Koldbrann;;;;;;;
Rimkulde;;;;;;;
Thjazi Giantspawn;;;;;;;
Hyrrokkin the Mighty;;;;;;;
Isbryter;;;;;;;
Skogrinn;;;;;;;
Ingunn Iceveins;;;;;;;
Harbard the Grey;;;;;;;
Knut Whitehair;;;;;;;
Sif Silverhair;;;;;;;
Sif Goldenhair;;;;;;;
Brynja Ironsides;;;;;;;
Fenja Millstone;;;;;;;
Vargr Bloodmoon;;;;;;;
Eilif Earthsplitter;;;;;;;
Gunnar Ironfist;;;;;;;
Kvasir Blood-kin;;;;;;;
Eikinskjaldi the Shield;;;;;;;
Sigurd Snake-in-the-Eye;;;;;;;
Freyr Harvestlord;;;;;;;
Aesir Vengeance;;;;;;;
Eirik Redbeard;;;;;;;
Bjarte Darkblade;;;;;;;
Aesir Soulguard;;;;;;;
Hryðja the Harbinger;;;;;;;
Drifa Snowveil;;;;;;;
Einar Wolfslayer;;;;;;;
Ondur Dishtorrent;;;;;;;
Porunn Iceheart;;;;;;;
Olve Earthbinder;;;;;;;
Kvasir the Clever;;;;;;;
Olav Starblade;;;;;;;
Vindsval;;;;;;;
Kettil Firebeard;;;;;;;
Litr the Dwarf;;;;;;;
Ingvar the Infamous;;;;;;;
Cynewulf Mistwalker;;;;;;;
Gymir the Ghastly;;;;;;;
Snotra Wiseheart;;;;;;;
Jotunnheim the Realmkeeper;;;;;;;
Modi Stormson;;;;;;;
Gilling the Grim;;;;;;;
Erik Blackheart;;;;;;;
Ulrik Ravenspeak;;;;;;;
Ragnar Ravenfriend;;;;;;;
Knut the Callous;;;;;;;
Nori Earthshaker;;;;;;;
Calder Seastorm;;;;;;;
Muninn Thoughtkeeper;;;;;;;
Fenrir Wolfsblood;;;;;;;
Isglimt;;;;;;;
Heimdall Watcheye;;;;;;;
Báleygr the Baleful;;;;;;;
Eostre Dawnglow;;;;;;;
Kvasir the Cunning;;;;;;;
Urd Fateweaver;;;;;;;
Ymir Icegiant;;;;;;;
Birger the Wise;;;;;;;
Eindride the Savage;;;;;;;
Beli the Bright;;;;;;;
Fimbulvetr;;;;;;;
Sköll the Shade;;;;;;;
Snotra Kald;;;;;;;
Hoenir Vagabond;;;;;;;
Vargr Moonhowler;;;;;;;
Mist Blindingveil;;;;;;;
Ogmund Ogrekin;;;;;;;
Lokk the Deceiver;;;;;;;
Bjarte Strongarm;;;;;;;
Ingrid Frostflower;;;;;;;
Halvar the Horrible;;;;;;;
Niflskuggi;;;;;;;
Ulfric the Destroyer;;;;;;;
Karn the Corrupted;;;;;;;
Hlebard Iceblade;;;;;;;
Gunnlaug Serpent-Tongue;;;;;;;
Fornjot the Stormking;;;;;;;
Cedric the Jarl;;;;;;;
Orm the Vast;;;;;;;
Vetrork;;;;;;;
Bergelmir the Brutal;;;;;;;
Fenrir the Feral;;;;;;;
Isenmalm;;;;;;;
Geirrodur Stonefist;;;;;;;
Frostgiant the Fearless;;;;;;;
Vafthrudnir the Wise;;;;;;;
Magni Ironwill;;;;;;;
Jarnsida the Ruthless;;;;;;;
Sven Bonebreaker;;;;;;;
Baldur Lightson;;;;;;;
Thorvald Battlehammer;;;;;;;
Gunnhildr Swiftstrike;;;;;;;
Modi Battlefurious;;;;;;;
Kolgrim the Tormentor;;;;;;;
Kvasir Meadmind;;;;;;;
Ketil Flatnose;;;;;;;
Ginnungagap;;;;;;;
Glitnir;;;;;;;
Woden Stormcaller;;;;;;;
Jokulsnar;;;;;;;
Frostrun the Feared;;;;;;;
Hjalmarr the Harsh;;;;;;;
Hallvard the Oppressor;;;;;;;
Pjotr Wolfbane;;;;;;;
Bjornulf Berserker;;;;;;;
Frostvidar;;;;;;;
Eydis Starblessed;;;;;;;
Gneip the Gaunt;;;;;;;
Skrymir the Shrouded;;;;;;;
Menja the Grinder;;;;;;;
Ulfar Allfather;;;;;;;
Suttungr Meadkeeper;;;;;;;
Nithogg Bonegnawer;;;;;;;
Ymir Frostfather;;;;;;;
Kettil Stormcloak;;;;;;;
Leif Seafarer;;;;;;;
Liv Ravenwing;;;;;;;
Einar Skald;;;;;;;
Arnbjorn the Arsonist;;;;;;;
Frodi Wraithcloak;;;;;;;
Ingeborg Steelheart;;;;;;;
Mistilteinn;;;;;;;
Aurboda the Fertile;;;;;;;
Skadi;;;;;;;
Drivende;;;;;;;
Hildr Valkyrie;;;;;;;
Isjarn;;;;;;;
Gymir Seawalker;;;;;;;
Jarnsaxa Ironedge;;;;;;;
Eyvindr Keeneye;;;;;;;
Frode Eagleeye;;;;;;;
Snaer the Stalker;;;;;;;
Ran Deepmist;;;;;;;
Snotra Wisdomflow;;;;;;;
Finnbjorn Icewalker;;;;;;;
Rungnir the Unyielding;;;;;;;
Skumr Ironvenom;;;;;;;
Loki Trickfinder;;;;;;;
Bestla Icevein;;;;;;;
Hati Hroðvitnisson the Hunter;;;;;;;
Nott Shadowveil;;;;;;;
Rungnir the Reckless;;;;;;;
Odin Wisefather;;;;;;;
Rimgrimnir the Grim;;;;;;;
Grotte the Grinder;;;;;;;
Asvard Plaguebringer;;;;;;;
Blakkr Darkveil;;;;;;;
Dvalin Dwarflord;;;;;;;
Zephyr Windlord;;;;;;;
Kári the Tempest;;;;;;;
Andhrimnir Feastmaster;;;;;;;
Ylva Wolfdaughter;;;;;;;
Oddvar the Outlander;;;;;;;
Kaldborn;;;;;;;
Eirikr the Ominous;;;;;;;
Logi Firetongue;;;;;;;
Dagr Sunfollower;;;;;;;
Groa Witchseer;;;;;;;
Alvar Stoneskin;;;;;;;
Erlend the Explorer;;;;;;;
Lagertha Stormborn;;;;;;;
Torgrim Thundergoad;;;;;;;
Nerthus Earthmother;;;;;;;
Mjölnir Wielder;;;;;;;
Andhrimnir Feastbrew;;;;;;;
Wyrd Destinyknot;;;;;;;
Mimir Headwise;;;;;;;
Pål Axe-Handler;;;;;;;
Canute Deepsea;;;;;;;
Balvorg Witchkin;;;;;;;
Erlingr the Maddened;;;;;;;
Nattmara;;;;;;;
Trygve Oarsman;;;;;;;
Alrik the Avenger;;;;;;;
Bodil Starfighter;;;;;;;
Hati Moonhunter;;;;;;;
Aslaug Shieldmaiden;;;;;;;
Thrymheim;;;;;;;
Jormungandr Seaserpent;;;;;;;
Syrpa the Seeress;;;;;;;
Vagn the Vigilant;;;;;;;
Hlébarð the Lurker;;;;;;;
Thorald Thunderhand;;;;;;;
Gjuki the Corruptor;;;;;;;
Unn the Deep-Minded;;;;;;;
Jokulfarinn;;;;;;;
Ulf the Wolf;;;;;;;
Sigyn Loyalheart;;;;;;;
Zephyr Galeforce;;;;;;;
Skadi Huntress;;;;;;;
Baugi the Blight;;;;;;;
Fjalar the Cunning;;;;;;;
Skare;;;;;;;
Ve Mightyhand;;;;;;;
Isflak;;;;;;;
Hrothgar Warhammer;;;;;;;
Ondur the Overlord;;;;;;;
Brunnhilde Valkyrieflame;;;;;;;
Halstein the Fierce;;;;;;;
Ivar Windwalker;;;;;;;
Dagny Doombringer;;;;;;;
Mistblindi the Miscreant;;;;;;;
Njall Darksea;;;;;;;
Vestein Longship;;;;;;;
Idi the Great;;;;;;;
Aurgelmir Founder;;;;;;;
Mani Moontracker;;;;;;;
Jostein Starfollower;;;;;;;
Thorgest the Merciless;;;;;;;
Valgard Venomblade;;;;;;;
Orm the Ominous;;;;;;;
Gudmund Spearhand;;;;;;;
Ivarr Ironshod;;;;;;;
Herleif Moonhowler;;;;;;;
Fjolnir Fangtooth;;;;;;;
Sigrun Frostbiter;;;;;;;
Eirikr Ravenclaw;;;;;;;
Elli Ageless;;;;;;;
Zeki the Scribe;;;;;;;
Helbindi;;;;;;;
Brodir of the Bloodmist;;;;;;;
Ceolwulf Runechant;;;;;;;
Ingrid Firebeard;;;;;;;
Bjarni Ironhelm;;;;;;;
Hela Nightshade;;;;;;;
Bjorn Thunderstruck;;;;;;;
Náli the Nihilist;;;;;;;
Gerd Earthdaughter;;;;;;;
Ivar Beardless;;;;;;;
Snær the Suffocator;;;;;;;
Horgar the Cruel;;;;;;;
Gna Stormrider;;;;;;;
Ljot the Pale;;;;;;;
Freya Starcloak;;;;;;;
Kari the Swift;;;;;;;
Aegir Wavecaller;;;;;;;
Gormr Snowraven;;;;;;;
Dagmar Ironfist;;;;;;;
Jord Earthmother;;;;;;;
Birgit Shieldmaiden;;;;;;;
Skuli the Schemer;;;;;;;
Torstein Stormblade;;;;;;;
Thorvald Thunderlord;;;;;;;
Petra Stone-Weaver;;;;;;;
Inge Battlemaiden;;;;;;;
Borgar Blackhand;;;;;;;
Peder Axewielder;;;;;;;
Skirnir the Malignant;;;;;;;
Idunn Applekeeper;;;;;;;
Ospak Starless;;;;;;;
Hnúkaþórr the Heinous;;;;;;;
Leif the Lucky;;;;;;;
Yngvi Bowman;;;;;;;
Eirikr Longsword;;;;;;;
Alvaldi the Rich;;;;;;;
Lokk the Lurker;;;;;;;
Koll the Colossal;;;;;;;
Frostulf;;;;;;;
Kare Runecarver;;;;;;;
Hedin the Hexer;;;;;;;
Gargantua the Crusher;;;;;;;
Útgarða-Loki the Trickster;;;;;;;
Rimthurs;;;;;;;
Forseti Justiceweaver;;;;;;;
Eir Healinghand;;;;;;;
Beli the Breaker;;;;;;;
Njord Shipmaster;;;;;;;
Yrsa the Young;;;;;;;
Farbauti Giantbane;;;;;;;
Elin Roughbeard;;;;;;;
Heidrek the Horrific;;;;;;;
Narfi Nightstalker;;;;;;;
Grettir the Grotesque;;;;;;;
Zoran Highpeak;;;;;;;
Rane Stonemaul;;;;;;;
Jokulkald;;;;;;;
Surt the Black;;;;;;;
Rokk the Mountain;;;;;;;
Asbjorn Ironside;;;;;;;
Frosti;;;;;;;
Eitri the Enchanter;;;;;;;
Magni Strongarm;;;;;;;
Kelda Stormcurse;;;;;;;
Durnir the Dark;;;;;;;
Yngvi Frost;;;;;;;
Vidar Ironclaw;;;;;;;
Ulrik the Slayer;;;;;;;
Harald Hardrada;;;;;;;
Yorick Wolfkin;;;;;;;
Wulf the Wanderer;;;;;;;
Vörst the Violent;;;;;;;
Xander of the Farlands;;;;;;;
Fafnir Shadowbane;;;;;;;
Narfi the Nightmarish;;;;;;;
Roar Iceblood;;;;;;;
Hrostmarr;;;;;;;
Gorm Shieldbreaker;;;;;;;
Zisa Hearthwarmer;;;;;;;
Hrimnir;;;;;;;
Niflrun;;;;;;;
Valkyrie Shieldmaiden;;;;;;;
Orm Serpent-Tongue;;;;;;;
Thorgrim Skythunder;;;;;;;
Xaric the Exile;;;;;;;
Urd the Curseweaver;;;;;;;
Angrboða Mistress of Anguish;;;;;;;
Hrimfaxi;;;;;;;
Grottintanni the Grim;;;;;;;
Qvist Blacksmith;;;;;;;
Eir Peacebringer;;;;;;;
Jarnvid;;;;;;;
Astrid Shieldmaiden;;;;;;;
Kari Windscream;;;;;;;
Arnbjorn Ironjaw;;;;;;;
Kvef;;;;;;;
Gerd Earthbeloved;;;;;;;
Brandr Smokemaw;;;;;;;
Cnut Longsword;;;;;;;
Hugi the Haunting;;;;;;;
Jorund Iceheart;;;;;;;
Torvi the Brave;;;;;;;
Celina Moonray;;;;;;;
Koldfe;;;;;;;
Helki the Ruthless;;;;;;;
Vafþrúðnir the Vile;;;;;;;
Delling Dawnbringer;;;;;;;
Sigfrid Sunshield;;;;;;;
Ymirgandr;;;;;;;
Ymir the Ancient;;;;;;;
Svelk;;;;;;;
Mimir the Mindstealer;;;;;;;
Gudrun Snowbane;;;;;;;
Yngvi Fertilitylord;;;;;;;
Harar Bloodfrost;;;;;;;
Gudrod Gravebound;;;;;;;
Hraesvelgr Corpse-Eater;;;;;;;
Garmr the Ghoul;;;;;;;
Ulva Seaqueen;;;;;;;
Ivar the Boneless;;;;;;;
Runa Secretkeeper;;;;;;;
Fenrir Wolfbind;;;;;;;
Sigtrygg Snake-Eye;;;;;;;
Odin Warbeard;;;;;;;
Grimir;;;;;;;
Angrboda the Bane;;;;;;;
Greip Irongrasp;;;;;;;
Otrygg Felstorm;;;;;;;
Aslaug the Poisoner;;;;;;;
Arnora Stormbride;;;;;;;
Thorkell Ironbeard;;;;;;;
Kvasir Meadseeker;;;;;;;
Leika Firesprite;;;;;;;
Hermod Darefoot;;;;;;;
Frostfang;;;;;;;
Morkr;;;;;;;
Kjell Wildbeard;;;;;;;
Njall the Navigator;;;;;;;
Brimir the Bleak;;;;;;;
Greip the Grave;;;;;;;
Fjornir Thunderheart;;;;;;;
Hrolf the Havoc;;;;;;;
Borgny Fire-Eye;;;;;;;
Skirnir Wanderlight;;;;;;;
Regin Blackforge;;;;;;;
Mokkurkalfi the Shadow;;;;;;;
Yrsa Bearstrength;;;;;;;
Sol Sunfollower;;;;;;;
Yrsa Iceblood;;;;;;;
Niflmar;;;;;;;
Logi the Flame-Lord;;;;;;;
Baldur Bright;;;;;;;
Vali the Vengeful;;;;;;;
Hrimnatt;;;;;;;
Jorund the Manhunter;;;;;;;
Unnr Deepdream;;;;;;;
Dagmar Darksky;;;;;;;
Magni the Strong;;;;;;;
Edda Spellweaver;;;;;;;
Jarnfist Ironcrush;;;;;;;
Sigurd Hailstrike;;;;;;;
Skadi Hunteress;;;;;;;
Thokk the Thankless;;;;;;;
Kari Tempestwielder;;;;;;;
Thrond Ironwill;;;;;;;
Jarnvidar the Destroyer;;;;;;;
Dagfinn the Bold;;;;;;;
Baldur Lightbringer;;;;;;;
Tyr Onehand;;;;;;;
Móðguðr the Mournful;;;;;;;
Ingolf Armbreaker;;;;;;;
Mimir Wisewhisper;;;;;;;
Harald Skullcrusher;;;;;;;
Ve Creationhand;;;;;;;
Hel Halfdrowned;;;;;;;
Lofn Gentlehand;;;;;;;
Bergelmir the Vast;;;;;;;
Jarl Hailking;;;;;;;
Halstein Thunderaxe;;;;;;;
Surtur Flamebearer;;;;;;;
Bergthora Stormbride;;;;;;;
Snæfrid Soulstealer;;;;;;;
Dag the Stern;;;;;;;
Nifldreki;;;;;;;
Isblomst;;;;;;;
Wulfgar Stormaxe;;;;;;;
Ragnvald Skullsplitter;;;;;;;
Ulfric Wolfkin;;;;;;;
Gefjon Plowbringer;;;;;;;
Valtyr Warpoet;;;;;;;
Svanhild Swanmaid;;;;;;;
Alfdis the Brave;;;;;;;
Drifa Bloodmoon;;;;;;;
Werther Stormbringer;;;;;;;
Farbauti Lightningcaster;;;;;;;
Unn the Wave;;;;;;;
Nanna Moonbright;;;;;;;
Ottar Bearhugger;;;;;;;
Stig Battleborn;;;;;;;
Irpa Earthquake;;;;;;;
Thrain Shadowmaster;;;;;;;
Ulfrik Stormrage;;;;;;;
Fiske Wavebreaker;;;;;;;
Hoenir Longstride;;;;;;;
Drifa Snowdaughter;;;;;;;
Vindkaldr;;;;;;;
Vindsval Windchill;;;;;;;
Frostbjorn;;;;;;;
Imd the Impaler;;;;;;;
Althjof the Bold;;;;;;;
Gunnlaug Serpent-tongue;;;;;;;
Hati Skychaser;;;;;;;
Huldra Forestwhisper;;;;;;;
Ragnar Bloodaxe;;;;;;;
Leif Dragonborn;;;;;;;
Ylva Ironclad;;;;;;;
Hakon Broadshoulders;;;;;;;
Vidar Silencestep;;;;;;;
Isolde Icebound;;;;;;;
Vintereld;;;;;;;
Ulfrik Warbringer;;;;;;;
Valdis Stormcaller;;;;;;;
Kjárr the Corrupt;;;;;;;
Ygg Draugrfinder;;;;;;;
Fornjot the Firebringer;;;;;;;
Kaldr;;;;;;;
Járnsaxa the Judge;;;;;;;
;;;;;;;
